内容,来源,类型,链接,lang
曾经沧海难为水，除却巫山不是云。,元稹《离思五首·其四》,爱情,https://www.google.com/search?q=曾经沧海难为水,cn
人面不知何处去，桃花依旧笑春风。,崔护《题都城南庄》,爱情,https://www.google.com/search?q=人面不知何处去,cn
相见时难别亦难，东风无力百花残。,李商隐《无题·相见时难别亦难》,爱情,https://www.google.com/search?q=相见时难别亦难,cn
身无彩凤双飞翼，心有灵犀一点通。,李商隐《无题·昨夜星辰昨夜风》,爱情,https://www.google.com/search?q=身无彩凤双飞翼,cn
此情可待成追忆，只是当时已惘然。,李商隐《锦瑟》,爱情,https://www.google.com/search?q=此情可待成追忆,cn
衣带渐宽终不悔，为伊消得人憔悴。,柳永《蝶恋花·伫倚危楼风细细》,爱情,https://www.google.com/search?q=衣带渐宽终不悔,cn
众里寻他千百度，蓦然回首，那人却在灯火阑珊处。,辛弃疾《青玉案·元夕》,爱情,https://www.google.com/search?q=众里寻他千百度,cn
问世间，情为何物，直教生死相许。,元好问《摸鱼儿·雁丘词》,爱情,https://www.google.com/search?q=问世间,cn
玲珑骰子安红豆，入骨相思知不知。,温庭筠《南歌子词二首》,爱情,https://www.google.com/search?q=玲珑骰子安红豆,cn
愿得一心人，白头不相离。,卓文君《白头吟》,爱情,https://www.google.com/search?q=愿得一心人,cn
山有木兮木有枝，心悦君兮君不知。,《越人歌》,爱情,https://www.google.com/search?q=山有木兮木有枝,cn
一日不见兮，思之如狂。,司马相如《凤求凰》,爱情,https://www.google.com/search?q=一日不见兮,cn
多情自古伤离别，更那堪冷落清秋节。,柳永《雨霖铃·寒蝉凄切》,爱情,https://www.google.com/search?q=多情自古伤离别,cn
两情若是久长时，又岂在朝朝暮暮。,秦观《鹊桥仙·纤云弄巧》,爱情,https://www.google.com/search?q=两情若是久长时,cn
春心莫共花争发，一寸相思一寸灰。,李商隐《无题·飒飒东风细雨来》,爱情,https://www.google.com/search?q=春心莫共花争发,cn
花自飘零水自流，一种相思，两处闲愁。,李清照《一剪梅·红藕香残玉簟秋》,爱情,https://www.google.com/search?q=花自飘零水自流,cn
执子之手，与子偕老。,《诗经·邶风·击鼓》,爱情,https://www.google.com/search?q=执子之手,cn
天涯地角有穷时，只有相思无尽处。,晏殊《玉楼春·春恨》,爱情,https://www.google.com/search?q=天涯地角有穷时,cn
柔情似水，佳期如梦。,秦观《鹊桥仙·纤云弄巧》,爱情,https://www.google.com/search?q=柔情似水,cn
相思相见知何日？此时此夜难为情。,李白《三五七言》,爱情,https://www.google.com/search?q=相思相见知何日,cn
直道相思了无益，未妨惆怅是清狂。,李商隐《无题·重帏深下莫愁堂》,爱情,https://www.google.com/search?q=直道相思了无益,cn
换我心，为你心，始知相忆深。,顾夐《诉衷情·永夜抛人何处去》,爱情,https://www.google.com/search?q=换我心,cn
相思一夜情多少，地角天涯未是长。,张仲素《燕子楼诗三首》,爱情,https://www.google.com/search?q=相思一夜情多少,cn
忆君心似西江水，日夜东流无歇时。,鱼玄机《江陵愁望寄子安》,爱情,https://www.google.com/search?q=忆君心似西江水,cn
思君如满月，夜夜减清辉。,张九龄《赋得自君之出矣》,爱情,https://www.google.com/search?q=思君如满月,cn
结发为夫妻，恩爱两不疑。,苏武《留别妻》,爱情,https://www.google.com/search?q=结发为夫妻,cn
此去经年，应是良辰好景虚设。,柳永《雨霖铃·寒蝉凄切》,爱情,https://www.google.com/search?q=此去经年,cn
相思本是无凭语，莫向花笺费泪行。,晏几道《鹧鸪天·醉拍春衫惜旧香》,爱情,https://www.google.com/search?q=相思本是无凭语,cn
只愿君心似我心，定不负相思意。,李之仪《卜算子·我住长江头》,爱情,https://www.google.com/search?q=只愿君心似我心,cn
日日思君不见君，共饮长江水。,李之仪《卜算子·我住长江头》,爱情,https://www.google.com/search?q=日日思君不见君,cn
在天愿作比翼鸟，在地愿为连理枝。,白居易《长恨歌》,爱情,https://www.google.com/search?q=在天愿作比翼鸟,cn
天长地久有时尽，此恨绵绵无绝期。,白居易《长恨歌》,爱情,https://www.google.com/search?q=天长地久有时尽,cn
妆罢低声问夫婿，画眉深浅入时无。,朱庆馀《近试上张籍水部》,爱情,https://www.google.com/search?q=妆罢低声问夫婿,cn
还君明珠双泪垂，恨不相逢未嫁时。,张籍《节妇吟》,爱情,https://www.google.com/search?q=还君明珠双泪垂,cn
多情只有春庭月，犹为离人照落花。,张泌《寄人》,爱情,https://www.google.com/search?q=多情只有春庭月,cn
红豆生南国，春来发几枝。,王维《相思》,爱情,https://www.google.com/search?q=红豆生南国,cn
愿君多采撷，此物最相思。,王维《相思》,爱情,https://www.google.com/search?q=愿君多采撷,cn
君问归期未有期，巴山夜雨涨秋池。,李商隐《夜雨寄北》,爱情,https://www.google.com/search?q=君问归期未有期,cn
何当共剪西窗烛，却话巴山夜雨时。,李商隐《夜雨寄北》,爱情,https://www.google.com/search?q=何当共剪西窗烛,cn
晓看天色暮看云，行也思君，坐也思君。,唐寅《一剪梅·雨打梨花深闭门》,爱情,https://www.google.com/search?q=晓看天色暮看云,cn
平生不会相思，才会相思，便害相思。,徐再思《折桂令·春情》,爱情,https://www.google.com/search?q=平生不会相思,cn
取次花丛懒回顾，半缘修道半缘君。,元稹《离思五首·其四》,爱情,https://www.google.com/search?q=取次花丛懒回顾,cn
若似月轮终皎洁，不辞冰雪为卿热。,纳兰性德《蝶恋花·辛苦最怜天上月》,爱情,https://www.google.com/search?q=若似月轮终皎洁,cn
人生若只如初见，何事秋风悲画扇。,纳兰性德《木兰花·拟古决绝词柬友》,爱情,https://www.google.com/search?q=人生若只如初见,cn
一往情深深几许？深山夕照深秋雨。,纳兰性德《蝶恋花·出塞》,爱情,https://www.google.com/search?q=一往情深深几许,cn
当时明月在，曾照彩云归。,晏几道《临江仙·梦后楼台高锁》,爱情,https://www.google.com/search?q=当时明月在,cn
落花人独立，微雨燕双飞。,晏几道《临江仙·梦后楼台高锁》,爱情,https://www.google.com/search?q=落花人独立,cn
从别后，忆相逢，几回魂梦与君同。,晏几道《鹧鸪天·彩袖殷勤捧玉钟》,爱情,https://www.google.com/search?q=从别后,cn
夜月一帘幽梦，春风十里柔情。,秦观《八六子·倚危亭》,爱情,https://www.google.com/search?q=夜月一帘幽梦,cn
生当复来归，死当长相思。,苏武《留别妻》,爱情,https://www.google.com/search?q=生当复来归,cn
大漠孤烟直，长河落日圆。,王维《使至塞上》,风景,https://www.google.com/search?q=大漠孤烟直,cn
明月松间照，清泉石上流。,王维《山居秋暝》,风景,https://www.google.com/search?q=明月松间照,cn
落霞与孤鹜齐飞，秋水共长天一色。,王勃《滕王阁序》,风景,https://www.google.com/search?q=落霞与孤鹜齐飞,cn
春水碧于天，画船听雨眠。,韦庄《菩萨蛮·人人尽说江南好》,风景,https://www.google.com/search?q=春水碧于天,cn
空山新雨后，天气晚来秋。,王维《山居秋暝》,风景,https://www.google.com/search?q=空山新雨后,cn
白日依山尽，黄河入海流。,王之涣《登鹳雀楼》,风景,https://www.google.com/search?q=白日依山尽,cn
日照香炉生紫烟，遥看瀑布挂前川。,李白《望庐山瀑布》,风景,https://www.google.com/search?q=日照香炉生紫烟,cn
接天莲叶无穷碧，映日荷花别样红。,杨万里《晓出净慈寺送林子方》,风景,https://www.google.com/search?q=接天莲叶无穷碧,cn
乱石穿空，惊涛拍岸，卷起千堆雪。,苏轼《念奴娇·赤壁怀古》,风景,https://www.google.com/search?q=乱石穿空,cn
山重水复疑无路，柳暗花明又一村。,陆游《游山西村》,风景,https://www.google.com/search?q=山重水复疑无路,cn
江流天地外，山色有无中。,王维《汉江临泛》,风景,https://www.google.com/search?q=江流天地外,cn
水光潋滟晴方好，山色空蒙雨亦奇。,苏轼《饮湖上初晴后雨》,风景,https://www.google.com/search?q=水光潋滟晴方好,cn
孤帆远影碧空尽，唯见长江天际流。,李白《黄鹤楼送孟浩然之广陵》,风景,https://www.google.com/search?q=孤帆远影碧空尽,cn
海上生明月，天涯共此时。,张九龄《望月怀远》,风景,https://www.google.com/search?q=海上生明月,cn
千山鸟飞绝，万径人踪灭。,柳宗元《江雪》,风景,https://www.google.com/search?q=千山鸟飞绝,cn
飞流直下三千尺，疑是银河落九天。,李白《望庐山瀑布》,风景,https://www.google.com/search?q=飞流直下三千尺,cn
迟日江山丽，春风花草香。,杜甫《绝句二首》,风景,https://www.google.com/search?q=迟日江山丽,cn
野旷天低树，江清月近人。,孟浩然《宿建德江》,风景,https://www.google.com/search?q=野旷天低树,cn
一道残阳铺水中，半江瑟瑟半江红。,白居易《暮江吟》,风景,https://www.google.com/search?q=一道残阳铺水中,cn
天门中断楚江开，碧水东流至此回。,李白《望天门山》,风景,https://www.google.com/search?q=天门中断楚江开,cn
两岸青山相对出，孤帆一片日边来。,李白《望天门山》,风景,https://www.google.com/search?q=两岸青山相对出,cn
青山遮不住，毕竟东流去。,辛弃疾《菩萨蛮·书江西造口壁》,风景,https://www.google.com/search?q=青山遮不住,cn
风急天高猿啸哀，渚清沙白鸟飞回。,杜甫《登高》,风景,https://www.google.com/search?q=风急天高猿啸哀,cn
孤山寺北贾亭西，水面初平云脚低。,白居易《钱塘湖春行》,风景,https://www.google.com/search?q=孤山寺北贾亭西,cn
几处早莺争暖树，谁家新燕啄春泥。,白居易《钱塘湖春行》,风景,https://www.google.com/search?q=几处早莺争暖树,cn
远看山有色，近听水无声。,王维《画》,风景,https://www.google.com/search?q=远看山有色,cn
千里莺啼绿映红，水村山郭酒旗风。,杜牧《江南春》,风景,https://www.google.com/search?q=千里莺啼绿映红,cn
会当凌绝顶，一览众山小。,杜甫《望岳》,风景,https://www.google.com/search?q=会当凌绝顶,cn
月落乌啼霜满天，江枫渔火对愁眠。,张继《枫桥夜泊》,风景,https://www.google.com/search?q=月落乌啼霜满天,cn
竹外桃花三两枝，春江水暖鸭先知。,苏轼《惠崇春江晚景》,风景,https://www.google.com/search?q=竹外桃花三两枝,cn
不知细叶谁裁出，二月春风似剪刀。,贺知章《咏柳》,风景,https://www.google.com/search?q=不知细叶谁裁出,cn
碧玉妆成一树高，万条垂下绿丝绦。,贺知章《咏柳》,风景,https://www.google.com/search?q=碧玉妆成一树高,cn
停车坐爱枫林晚，霜叶红于二月花。,杜牧《山行》,风景,https://www.google.com/search?q=停车坐爱枫林晚,cn
小荷才露尖尖角，早有蜻蜓立上头。,杨万里《小池》,风景,https://www.google.com/search?q=小荷才露尖尖角,cn
绿树村边合，青山郭外斜。,孟浩然《过故人庄》,风景,https://www.google.com/search?q=绿树村边合,cn
忽如一夜春风来，千树万树梨花开。,岑参《白雪歌送武判官归京》,风景,https://www.google.com/search?q=忽如一夜春风来,cn
瀚海阑干百丈冰，愁云惨淡万里凝。,岑参《白雪歌送武判官归京》,风景,https://www.google.com/search?q=瀚海阑干百丈冰,cn
明月出天山，苍茫云海间。,李白《关山月》,风景,https://www.google.com/search?q=明月出天山,cn
星垂平野阔，月涌大江流。,杜甫《旅夜书怀》,风景,https://www.google.com/search?q=星垂平野阔,cn
无边落木萧萧下，不尽长江滚滚来。,杜甫《登高》,风景,https://www.google.com/search?q=无边落木萧萧下,cn
黄河远上白云间，一片孤城万仞山。,王之涣《凉州词》,风景,https://www.google.com/search?q=黄河远上白云间,cn
潮平两岸阔，风正一帆悬。,王湾《次北固山下》,风景,https://www.google.com/search?q=潮平两岸阔,cn
海日生残夜，江春入旧年。,王湾《次北固山下》,风景,https://www.google.com/search?q=海日生残夜,cn
春色满园关不住，一枝红杏出墙来。,叶绍翁《游园不值》,风景,https://www.google.com/search?q=春色满园关不住,cn
等闲识得东风面，万紫千红总是春。,朱熹《春日》,风景,https://www.google.com/search?q=等闲识得东风面,cn
梅子金黄杏子肥，麦花雪白菜花稀。,范成大《四时田园杂兴》,风景,https://www.google.com/search?q=梅子金黄杏子肥,cn
稻花香里说丰年，听取蛙声一片。,辛弃疾《西江月·夜行黄沙道中》,风景,https://www.google.com/search?q=稻花香里说丰年,cn
七八个星天外，两三点雨山前。,辛弃疾《西江月·夜行黄沙道中》,风景,https://www.google.com/search?q=七八个星天外,cn
梨花院落溶溶月，柳絮池塘淡淡风。,晏殊《无题·油壁香车不再逢》,风景,https://www.google.com/search?q=梨花院落溶溶月,cn
沾衣欲湿杏花雨，吹面不寒杨柳风。,志南《绝句》,风景,https://www.google.com/search?q=沾衣欲湿杏花雨,cn
人生得意须尽欢，莫使金樽空对月。,李白《将进酒》,人生,https://www.google.com/search?q=人生得意须尽欢,cn
天生我材必有用，千金散尽还复来。,李白《将进酒》,人生,https://www.google.com/search?q=天生我材必有用,cn
行到水穷处，坐看云起时。,王维《终南别业》,人生,https://www.google.com/search?q=行到水穷处,cn
浮生若梦，为欢几何。,李白《春夜宴桃李园序》,人生,https://www.google.com/search?q=浮生若梦,cn
人生如逆旅，我亦是行人。,苏轼《临江仙·送钱穆父》,人生,https://www.google.com/search?q=人生如逆旅,cn
长风破浪会有时，直挂云帆济沧海。,李白《行路难》,人生,https://www.google.com/search?q=长风破浪会有时,cn
不畏浮云遮望眼，只缘身在最高层。,王安石《登飞来峰》,人生,https://www.google.com/search?q=不畏浮云遮望眼,cn
莫愁前路无知己，天下谁人不识君。,高适《别董大》,人生,https://www.google.com/search?q=莫愁前路无知己,cn
沉舟侧畔千帆过，病树前头万木春。,刘禹锡《酬乐天扬州初逢席上见赠》,人生,https://www.google.com/search?q=沉舟侧畔千帆过,cn
世事一场大梦，人生几度秋凉。,苏轼《西江月·世事一场大梦》,人生,https://www.google.com/search?q=世事一场大梦,cn
无可奈何花落去，似曾相识燕归来。,晏殊《浣溪沙》,人生,https://www.google.com/search?q=无可奈何花落去,cn
今朝有酒今朝醉，明日愁来明日愁。,罗隐《自遣》,人生,https://www.google.com/search?q=今朝有酒今朝醉,cn
少年不识愁滋味，为赋新词强说愁。,辛弃疾《丑奴儿·书博山道中壁》,人生,https://www.google.com/search?q=少年不识愁滋味,cn
醉后不知天在水，满船清梦压星河。,唐温如《题龙阳县青草湖》,人生,https://www.google.com/search?q=醉后不知天在水,cn
人生天地间，忽如远行客。,《古诗十九首》,人生,https://www.google.com/search?q=人生天地间,cn
及时当勉励，岁月不待人。,陶渊明《杂诗》,人生,https://www.google.com/search?q=及时当勉励,cn
人生在世不称意，明朝散发弄扁舟。,李白《宣州谢朓楼饯别校书叔云》,人生,https://www.google.com/search?q=人生在世不称意,cn
古来圣贤皆寂寞，惟有饮者留其名。,李白《将进酒》,人生,https://www.google.com/search?q=古来圣贤皆寂寞,cn
世间行乐亦如此，古来万事东流水。,李白《梦游天姥吟留别》,人生,https://www.google.com/search?q=世间行乐亦如此,cn
人有悲欢离合，月有阴晴圆缺。,苏轼《水调歌头》,人生,https://www.google.com/search?q=人有悲欢离合,cn
但愿人长久，千里共婵娟。,苏轼《水调歌头》,人生,https://www.google.com/search?q=但愿人长久,cn
莫听穿林打叶声，何妨吟啸且徐行。,苏轼《定风波》,人生,https://www.google.com/search?q=莫听穿林打叶声,cn
回首向来萧瑟处，归去，也无风雨也无晴。,苏轼《定风波》,人生,https://www.google.com/search?q=回首向来萧瑟处,cn
夕阳无限好，只是近黄昏。,李商隐《乐游原》,人生,https://www.google.com/search?q=夕阳无限好,cn
采菊东篱下，悠然见南山。,陶渊明《饮酒》,人生,https://www.google.com/search?q=采菊东篱下,cn
羁鸟恋旧林，池鱼思故渊。,陶渊明《归园田居》,人生,https://www.google.com/search?q=羁鸟恋旧林,cn
少无适俗韵，性本爱丘山。,陶渊明《归园田居》,人生,https://www.google.com/search?q=少无适俗韵,cn
久在樊笼里，复得返自然。,陶渊明《归园田居》,人生,https://www.google.com/search?q=久在樊笼里,cn
安能摧眉折腰事权贵，使我不得开心颜。,李白《梦游天姥吟留别》,人生,https://www.google.com/search?q=安能摧眉折腰事权贵,cn
俱怀逸兴壮思飞，欲上青天揽明月。,李白《宣州谢朓楼饯别校书叔云》,人生,https://www.google.com/search?q=俱怀逸兴壮思飞,cn
弃我去者，昨日之日不可留。,李白《宣州谢朓楼饯别校书叔云》,人生,https://www.google.com/search?q=弃我去者,cn
乱我心者，今日之日多烦忧。,李白《宣州谢朓楼饯别校书叔云》,人生,https://www.google.com/search?q=乱我心者,cn
抽刀断水水更流，举杯消愁愁更愁。,李白《宣州谢朓楼饯别校书叔云》,人生,https://www.google.com/search?q=抽刀断水水更流,cn
同是天涯沦落人，相逢何必曾相识。,白居易《琵琶行》,人生,https://www.google.com/search?q=同是天涯沦落人,cn
别有幽愁暗恨生，此时无声胜有声。,白居易《琵琶行》,人生,https://www.google.com/search?q=别有幽愁暗恨生,cn
回眸一笑百媚生，六宫粉黛无颜色。,白居易《长恨歌》,人生,https://www.google.com/search?q=回眸一笑百媚生,cn
一蓑烟雨任平生。,苏轼《定风波》,人生,https://www.google.com/search?q=一蓑烟雨任平生,cn
小舟从此逝，江海寄余生。,苏轼《临江仙·夜饮东坡醒复醉》,人生,https://www.google.com/search?q=小舟从此逝,cn
人生到处知何似，应似飞鸿踏雪泥。,苏轼《和子由渑池怀旧》,人生,https://www.google.com/search?q=人生到处知何似,cn
枝上柳绵吹又少，天涯何处无芳草。,苏轼《蝶恋花·春景》,人生,https://www.google.com/search?q=枝上柳绵吹又少,cn
休对故人思故国，且将新火试新茶。,苏轼《望江南·超然台作》,人生,https://www.google.com/search?q=休对故人思故国,cn
时人不识余心乐，将谓偷闲学少年。,程颢《春日偶成》,人生,https://www.google.com/search?q=时人不识余心乐,cn
盛年不重来，一日难再晨。,陶渊明《杂诗》,人生,https://www.google.com/search?q=盛年不重来,cn
宠辱不惊，闲看庭前花开花落。,陈继儒《小窗幽记》,人生,https://www.google.com/search?q=宠辱不惊,cn
去留无意，漫随天外云卷云舒。,陈继儒《小窗幽记》,人生,https://www.google.com/search?q=去留无意,cn
不如归去，阆苑有个人忆。,辛弃疾《念奴娇·书东流村壁》,人生,https://www.google.com/search?q=不如归去,cn
休言万事转头空，未转头时皆梦。,苏轼《西江月·平山堂》,人生,https://www.google.com/search?q=休言万事转头空,cn
百年歌自苦，未见有知音。,杜甫《南征》,人生,https://www.google.com/search?q=百年歌自苦,cn
谁道人生无再少？门前流水尚能西。,苏轼《浣溪沙·游蕲水清泉寺》,人生,https://www.google.com/search?q=谁道人生无再少,cn
一曲新词酒一杯，去年天气旧亭台。,晏殊《浣溪沙》,人生,https://www.google.com/search?q=一曲新词酒一杯,cn
天地有大美而不言。,《庄子·知北游》,哲理,https://www.google.com/search?q=天地有大美而不言,cn
祸兮福所倚，福兮祸所伏。,《老子》,哲理,https://www.google.com/search?q=祸兮福所倚,cn
知人者智，自知者明。,《老子》,哲理,https://www.google.com/search?q=知人者智,cn
大道至简。,《道德经》,哲理,https://www.google.com/search?q=大道至简,cn
上善若水。,《道德经》,哲理,https://www.google.com/search?q=上善若水,cn
千里之行，始于足下。,《老子》,哲理,https://www.google.com/search?q=千里之行,cn
天行健，君子以自强不息。,《周易》,哲理,https://www.google.com/search?q=天行健,cn
己所不欲，勿施于人。,《论语》,哲理,https://www.google.com/search?q=己所不欲,cn
生于忧患，死于安乐。,《孟子》,哲理,https://www.google.com/search?q=生于忧患,cn
得道多助，失道寡助。,《孟子》,哲理,https://www.google.com/search?q=得道多助,cn
合抱之木，生于毫末。,《老子》,哲理,https://www.google.com/search?q=合抱之木,cn
知足不辱，知止不殆。,《老子》,哲理,https://www.google.com/search?q=知足不辱,cn
大音希声，大象无形。,《老子》,哲理,https://www.google.com/search?q=大音希声,cn
知止而后有定。,《大学》,哲理,https://www.google.com/search?q=知止而后有定,cn
大学之道，在明明德。,《大学》,哲理,https://www.google.com/search?q=大学之道,cn
君子和而不同，小人同而不和。,《论语》,哲理,https://www.google.com/search?q=君子和而不同,cn
人无远虑，必有近忧。,《论语》,哲理,https://www.google.com/search?q=人无远虑,cn
天时不如地利，地利不如人和。,《孟子》,哲理,https://www.google.com/search?q=天时不如地利,cn
人法地，地法天，天法道，道法自然。,《老子》,哲理,https://www.google.com/search?q=人法地,cn
反者道之动。,《老子》,哲理,https://www.google.com/search?q=反者道之动,cn
物极必反，否极泰来。,《周易》,哲理,https://www.google.com/search?q=物极必反,cn
穷则变，变则通，通则久。,《周易》,哲理,https://www.google.com/search?q=穷则变,cn
不患人之不己知，患不知人也。,《论语》,哲理,https://www.google.com/search?q=不患人之不己知,cn
学而不厌，诲人不倦。,《论语》,哲理,https://www.google.com/search?q=学而不厌,cn
敏而好学，不耻下问。,《论语》,哲理,https://www.google.com/search?q=敏而好学,cn
君子喻于义，小人喻于利。,《论语》,哲理,https://www.google.com/search?q=君子喻于义,cn
朝闻道，夕死可矣。,《论语》,哲理,https://www.google.com/search?q=朝闻道,cn
逝者如斯夫，不舍昼夜。,《论语》,哲理,https://www.google.com/search?q=逝者如斯夫,cn
三思而后行。,《论语》,哲理,https://www.google.com/search?q=三思而后行,cn
过而不改，是谓过矣。,《论语》,哲理,https://www.google.com/search?q=过而不改,cn
不义而富且贵，于我如浮云。,《论语》,哲理,https://www.google.com/search?q=不义而富且贵,cn
仁者不忧，知者不惑，勇者不惧。,《论语》,哲理,https://www.google.com/search?q=仁者不忧,cn
工欲善其事，必先利其器。,《论语》,哲理,https://www.google.com/search?q=工欲善其事,cn
君子成人之美，不成人之恶。,《论语》,哲理,https://www.google.com/search?q=君子成人之美,cn
道不同，不相为谋。,《论语》,哲理,https://www.google.com/search?q=道不同,cn
老吾老以及人之老，幼吾幼以及人之幼。,《孟子》,哲理,https://www.google.com/search?q=老吾老以及人之老,cn
富贵不能淫，贫贱不能移，威武不能屈。,《孟子》,哲理,https://www.google.com/search?q=富贵不能淫,cn
尽信书，则不如无书。,《孟子》,哲理,https://www.google.com/search?q=尽信书,cn
鱼，我所欲也；熊掌，亦我所欲也。,《孟子》,哲理,https://www.google.com/search?q=鱼,cn
民为贵，社稷次之，君为轻。,《孟子》,哲理,https://www.google.com/search?q=民为贵,cn
吾生也有涯，而知也无涯。,《庄子》,哲理,https://www.google.com/search?q=吾生也有涯,cn
相濡以沫，不如相忘于江湖。,《庄子》,哲理,https://www.google.com/search?q=相濡以沫,cn
井蛙不可以语于海，夏虫不可以语于冰。,《庄子》,哲理,https://www.google.com/search?q=井蛙不可以语于海,cn
至人无己，神人无功，圣人无名。,《庄子》,哲理,https://www.google.com/search?q=至人无己,cn
道隐于小成，言隐于荣华。,《庄子》,哲理,https://www.google.com/search?q=道隐于小成,cn
水至清则无鱼，人至察则无徒。,《汉书》,哲理,https://www.google.com/search?q=水至清则无鱼,cn
不积小流，无以成江海。,《荀子》,哲理,https://www.google.com/search?q=不积小流,cn
青，取之于蓝，而青于蓝。,《荀子》,哲理,https://www.google.com/search?q=青,cn
锲而不舍，金石可镂。,《荀子》,哲理,https://www.google.com/search?q=锲而不舍,cn
不以物喜，不以己悲。,范仲淹《岳阳楼记》,哲理,https://www.google.com/search?q=不以物喜,cn
腹有诗书气自华。,苏轼《和董传留别》,修身,https://www.google.com/search?q=腹有诗书气自华,cn
岁寒，然后知松柏之后凋也。,《论语》,修身,https://www.google.com/search?q=岁寒,cn
静以修身，俭以养德。,诸葛亮《诫子书》,修身,https://www.google.com/search?q=静以修身,cn
非淡泊无以明志，非宁静无以致远。,诸葛亮《诫子书》,修身,https://www.google.com/search?q=非淡泊无以明志,cn
路漫漫其修远兮，吾将上下而求索。,屈原《离骚》,修身,https://www.google.com/search?q=路漫漫其修远兮,cn
不积跬步，无以至千里。,《荀子》,修身,https://www.google.com/search?q=不积跬步,cn
君子坦荡荡，小人长戚戚。,《论语》,修身,https://www.google.com/search?q=君子坦荡荡,cn
三人行，必有我师焉。,《论语》,修身,https://www.google.com/search?q=三人行,cn
学而不思则罔，思而不学则殆。,《论语》,修身,https://www.google.com/search?q=学而不思则罔,cn
见贤思齐焉，见不贤而内自省也。,《论语》,修身,https://www.google.com/search?q=见贤思齐焉,cn
修身齐家治国平天下。,《大学》,修身,https://www.google.com/search?q=修身齐家治国平天下,cn
君子务本，本立而道生。,《论语》,修身,https://www.google.com/search?q=君子务本,cn
三军可夺帅也，匹夫不可夺志也。,《论语》,修身,https://www.google.com/search?q=三军可夺帅也,cn
学而时习之，不亦说乎。,《论语》,修身,https://www.google.com/search?q=学而时习之,cn
温故而知新，可以为师矣。,《论语》,修身,https://www.google.com/search?q=温故而知新,cn
君子求诸己，小人求诸人。,《论语》,修身,https://www.google.com/search?q=君子求诸己,cn
慎终如始，则无败事。,《老子》,修身,https://www.google.com/search?q=慎终如始,cn
功成而不居。,《老子》,修身,https://www.google.com/search?q=功成而不居,cn
博学之，审问之，慎思之，明辨之，笃行之。,《中庸》,修身,https://www.google.com/search?q=博学之,cn
玉不琢，不成器；人不学，不知道。,《礼记》,修身,https://www.google.com/search?q=玉不琢,cn
独学而无友，则孤陋而寡闻。,《礼记》,修身,https://www.google.com/search?q=独学而无友,cn
见善则迁，有过则改。,《周易》,修身,https://www.google.com/search?q=见善则迁,cn
满招损，谦受益。,《尚书》,修身,https://www.google.com/search?q=满招损,cn
业精于勤，荒于嬉；行成于思，毁于随。,韩愈《进学解》,修身,https://www.google.com/search?q=业精于勤,cn
书山有路勤为径，学海无涯苦作舟。,韩愈,修身,https://www.google.com/search?q=书山有路勤为径,cn
读书破万卷，下笔如有神。,杜甫《奉赠韦左丞丈二十二韵》,修身,https://www.google.com/search?q=读书破万卷,cn
读万卷书，行万里路。,董其昌,修身,https://www.google.com/search?q=读万卷书,cn
黑发不知勤学早，白首方悔读书迟。,颜真卿《劝学诗》,修身,https://www.google.com/search?q=黑发不知勤学早,cn
纸上得来终觉浅，绝知此事要躬行。,陆游《冬夜读书示子聿》,修身,https://www.google.com/search?q=纸上得来终觉浅,cn
问渠那得清如许？为有源头活水来。,朱熹《观书有感》,修身,https://www.google.com/search?q=问渠那得清如许,cn
少年易老学难成，一寸光阴不可轻。,朱熹《偶成》,修身,https://www.google.com/search?q=少年易老学难成,cn
古人学问无遗力，少壮工夫老始成。,陆游《冬夜读书示子聿》,修身,https://www.google.com/search?q=古人学问无遗力,cn
操千曲而后晓声，观千剑而后识器。,刘勰《文心雕龙》,修身,https://www.google.com/search?q=操千曲而后晓声,cn
宝剑锋从磨砺出，梅花香自苦寒来。,《警世贤文》,修身,https://www.google.com/search?q=宝剑锋从磨砺出,cn
千磨万击还坚劲，任尔东西南北风。,郑燮《竹石》,修身,https://www.google.com/search?q=千磨万击还坚劲,cn
咬定青山不放松，立根原在破岩中。,郑燮《竹石》,修身,https://www.google.com/search?q=咬定青山不放松,cn
不要人夸好颜色，只留清气满乾坤。,王冕《墨梅》,修身,https://www.google.com/search?q=不要人夸好颜色,cn
粉骨碎身浑不怕，要留清白在人间。,于谦《石灰吟》,修身,https://www.google.com/search?q=粉骨碎身浑不怕,cn
洛阳亲友如相问，一片冰心在玉壶。,王昌龄《芙蓉楼送辛渐》,修身,https://www.google.com/search?q=洛阳亲友如相问,cn
出淤泥而不染，濯清涟而不妖。,周敦颐《爱莲说》,修身,https://www.google.com/search?q=出淤泥而不染,cn
先行其言，而后从之。,《论语》,修身,https://www.google.com/search?q=先行其言,cn
敏于事而慎于言。,《论语》,修身,https://www.google.com/search?q=敏于事而慎于言,cn
知之为知之，不知为不知，是知也。,《论语》,修身,https://www.google.com/search?q=知之为知之,cn
士不可以不弘毅，任重而道远。,《论语》,修身,https://www.google.com/search?q=士不可以不弘毅,cn
吾日三省吾身。,《论语》,修身,https://www.google.com/search?q=吾日三省吾身,cn
人而无信，不知其可也。,《论语》,修身,https://www.google.com/search?q=人而无信,cn
言必信，行必果。,《论语》,修身,https://www.google.com/search?q=言必信,cn
贫而无谄，富而无骄。,《论语》,修身,https://www.google.com/search?q=贫而无谄,cn
德不孤，必有邻。,《论语》,修身,https://www.google.com/search?q=德不孤,cn
海纳百川，有容乃大；壁立千仞，无欲则刚。,林则徐,修身,https://www.google.com/search?q=海纳百川,cn
但使龙城飞将在，不教胡马度阴山。,王昌龄《出塞》,家国,https://www.google.com/search?q=但使龙城飞将在,cn
先天下之忧而忧，后天下之乐而乐。,范仲淹《岳阳楼记》,家国,https://www.google.com/search?q=先天下之忧而忧,cn
人生自古谁无死，留取丹心照汗青。,文天祥《过零丁洋》,家国,https://www.google.com/search?q=人生自古谁无死,cn
苟利国家生死以，岂因祸福避趋之。,林则徐《赴戍登程口占示家人》,家国,https://www.google.com/search?q=苟利国家生死以,cn
天下兴亡，匹夫有责。,顾炎武《日知录》,家国,https://www.google.com/search?q=天下兴亡,cn
黄沙百战穿金甲，不破楼兰终不还。,王昌龄《从军行》,家国,https://www.google.com/search?q=黄沙百战穿金甲,cn
醉卧沙场君莫笑，古来征战几人回。,王翰《凉州词》,家国,https://www.google.com/search?q=醉卧沙场君莫笑,cn
王师北定中原日，家祭无忘告乃翁。,陆游《示儿》,家国,https://www.google.com/search?q=王师北定中原日,cn
位卑未敢忘忧国。,陆游《病起书怀》,家国,https://www.google.com/search?q=位卑未敢忘忧国,cn
夜阑卧听风吹雨，铁马冰河入梦来。,陆游《十一月四日风雨大作》,家国,https://www.google.com/search?q=夜阑卧听风吹雨,cn
捐躯赴国难，视死忽如归。,曹植《白马篇》,家国,https://www.google.com/search?q=捐躯赴国难,cn
男儿何不带吴钩，收取关山五十州。,李贺《南园十三首》,家国,https://www.google.com/search?q=男儿何不带吴钩,cn
国破山河在，城春草木深。,杜甫《春望》,家国,https://www.google.com/search?q=国破山河在,cn
烽火连三月，家书抵万金。,杜甫《春望》,家国,https://www.google.com/search?q=烽火连三月,cn
安得广厦千万间，大庇天下寒士俱欢颜。,杜甫《茅屋为秋风所破歌》,家国,https://www.google.com/search?q=安得广厦千万间,cn
出师未捷身先死，长使英雄泪满襟。,杜甫《蜀相》,家国,https://www.google.com/search?q=出师未捷身先死,cn
了却君王天下事，赢得生前身后名。,辛弃疾《破阵子·为陈同甫赋壮词以寄之》,家国,https://www.google.com/search?q=了却君王天下事,cn
报君黄金台上意，提携玉龙为君死。,李贺《雁门太守行》,家国,https://www.google.com/search?q=报君黄金台上意,cn
壮志饥餐胡虏肉，笑谈渴饮匈奴血。,岳飞《满江红》,家国,https://www.google.com/search?q=壮志饥餐胡虏肉,cn
靖康耻，犹未雪。,岳飞《满江红》,家国,https://www.google.com/search?q=靖康耻,cn
愿得此身长报国，何须生入玉门关。,戴叔伦《塞上曲》,家国,https://www.google.com/search?q=愿得此身长报国,cn
一寸丹心图报国，两行清泪为思亲。,于谦《立春日感怀》,家国,https://www.google.com/search?q=一寸丹心图报国,cn
商女不知亡国恨，隔江犹唱后庭花。,杜牧《泊秦淮》,家国,https://www.google.com/search?q=商女不知亡国恨,cn
山河破碎风飘絮，身世浮沉雨打萍。,文天祥《过零丁洋》,家国,https://www.google.com/search?q=山河破碎风飘絮,cn
感时花溅泪，恨别鸟惊心。,杜甫《春望》,家国,https://www.google.com/search?q=感时花溅泪,cn
三十功名尘与土，八千里路云和月。,岳飞《满江红》,家国,https://www.google.com/search?q=三十功名尘与土,cn
待从头、收拾旧山河，朝天阙。,岳飞《满江红》,家国,https://www.google.com/search?q=待从头、收拾旧山河,cn
壮志未酬三尺剑，故乡空隔万重山。,李频《春日思归》,家国,https://www.google.com/search?q=壮志未酬三尺剑,cn
楼船夜雪瓜洲渡，铁马秋风大散关。,陆游《书愤》,家国,https://www.google.com/search?q=楼船夜雪瓜洲渡,cn
出师一表真名世，千载谁堪伯仲间。,陆游《书愤》,家国,https://www.google.com/search?q=出师一表真名世,cn
遗民泪尽胡尘里，南望王师又一年。,陆游《秋夜将晓出篱门迎凉有感》,家国,https://www.google.com/search?q=遗民泪尽胡尘里,cn
胡未灭，鬓先秋，泪空流。,陆游《诉衷情》,家国,https://www.google.com/search?q=胡未灭,cn
僵卧孤村不自哀，尚思为国戍轮台。,陆游《十一月四日风雨大作》,家国,https://www.google.com/search?q=僵卧孤村不自哀,cn
死去元知万事空，但悲不见九州同。,陆游《示儿》,家国,https://www.google.com/search?q=死去元知万事空,cn
封侯非我意，但愿海波平。,戚继光《韬钤深处》,家国,https://www.google.com/search?q=封侯非我意,cn
繁霜尽是心头血，洒向千峰秋叶丹。,戚继光《望阙台》,家国,https://www.google.com/search?q=繁霜尽是心头血,cn
只解沙场为国死，何须马革裹尸还。,徐锡麟《出塞》,家国,https://www.google.com/search?q=只解沙场为国死,cn
我自横刀向天笑，去留肝胆两昆仑。,谭嗣同《狱中题壁》,家国,https://www.google.com/search?q=我自横刀向天笑,cn
寄意寒星荃不察，我以我血荐轩辕。,鲁迅《自题小像》,家国,https://www.google.com/search?q=寄意寒星荃不察,cn
为有牺牲多壮志，敢教日月换新天。,毛泽东《七律·到韶山》,家国,https://www.google.com/search?q=为有牺牲多壮志,cn
江山如此多娇，引无数英雄竞折腰。,毛泽东《沁园春·雪》,家国,https://www.google.com/search?q=江山如此多娇,cn
数风流人物，还看今朝。,毛泽东《沁园春·雪》,家国,https://www.google.com/search?q=数风流人物,cn
秦时明月汉时关，万里长征人未还。,王昌龄《出塞》,家国,https://www.google.com/search?q=秦时明月汉时关,cn
葡萄美酒夜光杯，欲饮琵琶马上催。,王翰《凉州词》,家国,https://www.google.com/search?q=葡萄美酒夜光杯,cn
万里赴戎机，关山度若飞。,《木兰诗》,家国,https://www.google.com/search?q=万里赴戎机,cn
朔气传金柝，寒光照铁衣。,《木兰诗》,家国,https://www.google.com/search?q=朔气传金柝,cn
将军百战死，壮士十年归。,《木兰诗》,家国,https://www.google.com/search?q=将军百战死,cn
粉身碎骨寻常事，但愿牺牲报国家。,秋瑾《失题》,家国,https://www.google.com/search?q=粉身碎骨寻常事,cn
此生谁料，心在天山，身老沧洲。,陆游《诉衷情》,家国,https://www.google.com/search?q=此生谁料,cn
楚虽三户能亡秦，岂有堂堂中国空无人。,陆游《金错刀行》,家国,https://www.google.com/search?q=楚虽三户能亡秦,cn
"To be, or not to be.",William Shakespeare,Life,https://www.google.com/search?q=To%20be%2C%20or%20not%20to%20be.,en
All the world's a stage.,William Shakespeare,Life,https://www.google.com/search?q=All%20the%20world%27s%20a%20stage.,en
Brevity is the soul of wit.,William Shakespeare,Wisdom,https://www.google.com/search?q=Brevity%20is%20the%20soul%20of%20wit.,en
"Love all, trust a few, do wrong to none.",William Shakespeare,Love,https://www.google.com/search?q=Love%20all%2C%20trust%20a%20few%2C%20do%20wrong%20to%20none.,en
The course of true love never did run smooth.,William Shakespeare,Love,https://www.google.com/search?q=The%20course%20of%20true%20love%20never%20did%20run%20smooth.,en
"Some are born great, some achieve greatness.",William Shakespeare,Motivation,https://www.google.com/search?q=Some%20are%20born%20great%2C%20some%20achieve%20greatness.,en
Our doubts are traitors.,William Shakespeare,Courage,https://www.google.com/search?q=Our%20doubts%20are%20traitors.,en
What's done cannot be undone.,William Shakespeare,Life,https://www.google.com/search?q=What%27s%20done%20cannot%20be%20undone.,en
The better part of valor is discretion.,William Shakespeare,Wisdom,https://www.google.com/search?q=The%20better%20part%20of%20valor%20is%20discretion.,en
Uneasy lies the head that wears a crown.,William Shakespeare,Wisdom,https://www.google.com/search?q=Uneasy%20lies%20the%20head%20that%20wears%20a%20crown.,en
Cowards die many times before their deaths.,William Shakespeare,Courage,https://www.google.com/search?q=Cowards%20die%20many%20times%20before%20their%20deaths.,en
The readiness is all.,William Shakespeare,Focus,https://www.google.com/search?q=The%20readiness%20is%20all.,en
This above all: to thine own self be true.,William Shakespeare,Self-Growth,https://www.google.com/search?q=This%20above%20all%3A%20to%20thine%20own%20self%20be%20true.,en
Things won are done; joy's soul lies in the doing.,William Shakespeare,Motivation,https://www.google.com/search?q=Things%20won%20are%20done%3B%20joy%27s%20soul%20lies%20in%20the%20doing.,en
"There is nothing either good or bad, but thinking makes it so.",William Shakespeare,Wisdom,https://www.google.com/search?q=There%20is%20nothing%20either%20good%20or%20bad%2C%20but%20thinking%20makes%20it%20so.,en
Sweet are the uses of adversity.,William Shakespeare,Self-Growth,https://www.google.com/search?q=Sweet%20are%20the%20uses%20of%20adversity.,en
One touch of nature makes the whole world kin.,William Shakespeare,Nature,https://www.google.com/search?q=One%20touch%20of%20nature%20makes%20the%20whole%20world%20kin.,en
"We know what we are, but know not what we may be.",William Shakespeare,Self-Growth,https://www.google.com/search?q=We%20know%20what%20we%20are%2C%20but%20know%20not%20what%20we%20may%20be.,en
Strong reasons make strong actions.,William Shakespeare,Motivation,https://www.google.com/search?q=Strong%20reasons%20make%20strong%20actions.,en
Expectation is the root of all heartache.,William Shakespeare,Life,https://www.google.com/search?q=Expectation%20is%20the%20root%20of%20all%20heartache.,en
A fool thinks himself wise.,William Shakespeare,Wisdom,https://www.google.com/search?q=A%20fool%20thinks%20himself%20wise.,en
Wisely and slow; they stumble that run fast.,William Shakespeare,Focus,https://www.google.com/search?q=Wisely%20and%20slow%3B%20they%20stumble%20that%20run%20fast.,en
The empty vessel makes the loudest sound.,William Shakespeare,Wisdom,https://www.google.com/search?q=The%20empty%20vessel%20makes%20the%20loudest%20sound.,en
No legacy is so rich as honesty.,William Shakespeare,Self-Growth,https://www.google.com/search?q=No%20legacy%20is%20so%20rich%20as%20honesty.,en
Better three hours too soon than a minute too late.,William Shakespeare,Focus,https://www.google.com/search?q=Better%20three%20hours%20too%20soon%20than%20a%20minute%20too%20late.,en
Be yourself; everyone else is already taken.,Oscar Wilde,Self-Growth,https://www.google.com/search?q=Be%20yourself%3B%20everyone%20else%20is%20already%20taken.,en
To live is the rarest thing in the world.,Oscar Wilde,Life,https://www.google.com/search?q=To%20live%20is%20the%20rarest%20thing%20in%20the%20world.,en
Experience is simply the name we give our mistakes.,Oscar Wilde,Wisdom,https://www.google.com/search?q=Experience%20is%20simply%20the%20name%20we%20give%20our%20mistakes.,en
"With freedom, books, flowers, and the moon, who could not be happy?",Oscar Wilde,Peace,https://www.google.com/search?q=With%20freedom%2C%20books%2C%20flowers%2C%20and%20the%20moon%2C%20who%20could%20not%20be%20happy%3F,en
The truth is rarely pure and never simple.,Oscar Wilde,Wisdom,https://www.google.com/search?q=The%20truth%20is%20rarely%20pure%20and%20never%20simple.,en
A dreamer is one who can only find his way by moonlight.,Oscar Wilde,Creativity,https://www.google.com/search?q=A%20dreamer%20is%20one%20who%20can%20only%20find%20his%20way%20by%20moonlight.,en
I can resist everything except temptation.,Oscar Wilde,Life,https://www.google.com/search?q=I%20can%20resist%20everything%20except%20temptation.,en
"We are all in the gutter, but some of us are looking at the stars.",Oscar Wilde,Motivation,https://www.google.com/search?q=We%20are%20all%20in%20the%20gutter%2C%20but%20some%20of%20us%20are%20looking%20at%20the%20stars.,en
The smallest act of kindness is worth more than the grandest intention.,Oscar Wilde,Wisdom,https://www.google.com/search?q=The%20smallest%20act%20of%20kindness%20is%20worth%20more%20than%20the%20grandest%20intention.,en
To love oneself is the beginning of a lifelong romance.,Oscar Wilde,Love,https://www.google.com/search?q=To%20love%20oneself%20is%20the%20beginning%20of%20a%20lifelong%20romance.,en
A cynic knows the price of everything and the value of nothing.,Oscar Wilde,Wisdom,https://www.google.com/search?q=A%20cynic%20knows%20the%20price%20of%20everything%20and%20the%20value%20of%20nothing.,en
Life is far too important to be taken seriously.,Oscar Wilde,Life,https://www.google.com/search?q=Life%20is%20far%20too%20important%20to%20be%20taken%20seriously.,en
The world belongs to the discontented.,Oscar Wilde,Motivation,https://www.google.com/search?q=The%20world%20belongs%20to%20the%20discontented.,en
No great artist ever sees things as they really are.,Oscar Wilde,Creativity,https://www.google.com/search?q=No%20great%20artist%20ever%20sees%20things%20as%20they%20really%20are.,en
A poet can survive everything but a misprint.,Oscar Wilde,Creativity,https://www.google.com/search?q=A%20poet%20can%20survive%20everything%20but%20a%20misprint.,en
Art is the most intense mode of individualism.,Oscar Wilde,Creativity,https://www.google.com/search?q=Art%20is%20the%20most%20intense%20mode%20of%20individualism.,en
Anyone who lives within their means suffers from imagination.,Oscar Wilde,Creativity,https://www.google.com/search?q=Anyone%20who%20lives%20within%20their%20means%20suffers%20from%20imagination.,en
The heart was made to be broken.,Oscar Wilde,Love,https://www.google.com/search?q=The%20heart%20was%20made%20to%20be%20broken.,en
Memory is the diary that we all carry about with us.,Oscar Wilde,Life,https://www.google.com/search?q=Memory%20is%20the%20diary%20that%20we%20all%20carry%20about%20with%20us.,en
I have the simplest tastes. I am always satisfied with the best.,Oscar Wilde,Life,https://www.google.com/search?q=I%20have%20the%20simplest%20tastes.%20I%20am%20always%20satisfied%20with%20the%20best.,en
Illusion is the first of all pleasures.,Oscar Wilde,Creativity,https://www.google.com/search?q=Illusion%20is%20the%20first%20of%20all%20pleasures.,en
True friends stab you in the front.,Oscar Wilde,Wisdom,https://www.google.com/search?q=True%20friends%20stab%20you%20in%20the%20front.,en
Morality is simply the attitude we adopt towards people we dislike.,Oscar Wilde,Wisdom,https://www.google.com/search?q=Morality%20is%20simply%20the%20attitude%20we%20adopt%20towards%20people%20we%20dislike.,en
What is a cynic? A man who knows the price of everything.,Oscar Wilde,Wisdom,https://www.google.com/search?q=What%20is%20a%20cynic%3F%20A%20man%20who%20knows%20the%20price%20of%20everything.,en
The only way to get rid of temptation is to yield to it.,Oscar Wilde,Life,https://www.google.com/search?q=The%20only%20way%20to%20get%20rid%20of%20temptation%20is%20to%20yield%20to%20it.,en
The secret of getting ahead is getting started.,Mark Twain,Motivation,https://www.google.com/search?q=The%20secret%20of%20getting%20ahead%20is%20getting%20started.,en
Kindness is the language which the deaf can hear.,Mark Twain,Wisdom,https://www.google.com/search?q=Kindness%20is%20the%20language%20which%20the%20deaf%20can%20hear.,en
"Courage is resistance to fear, mastery of fear.",Mark Twain,Courage,https://www.google.com/search?q=Courage%20is%20resistance%20to%20fear%2C%20mastery%20of%20fear.,en
The man who does not read has no advantage over the man who cannot read.,Mark Twain,Self-Growth,https://www.google.com/search?q=The%20man%20who%20does%20not%20read%20has%20no%20advantage%20over%20the%20man%20who%20cannot%20read.,en
Truth is stranger than fiction.,Mark Twain,Wisdom,https://www.google.com/search?q=Truth%20is%20stranger%20than%20fiction.,en
Continuous improvement is better than delayed perfection.,Mark Twain,Motivation,https://www.google.com/search?q=Continuous%20improvement%20is%20better%20than%20delayed%20perfection.,en
The best way to cheer yourself is to cheer somebody else up.,Mark Twain,Peace,https://www.google.com/search?q=The%20best%20way%20to%20cheer%20yourself%20is%20to%20cheer%20somebody%20else%20up.,en
Age is an issue of mind over matter.,Mark Twain,Life,https://www.google.com/search?q=Age%20is%20an%20issue%20of%20mind%20over%20matter.,en
"If you tell the truth, you don't have to remember anything.",Mark Twain,Wisdom,https://www.google.com/search?q=If%20you%20tell%20the%20truth%2C%20you%20don%27t%20have%20to%20remember%20anything.,en
"Good friends, good books, and a sleepy conscience: this is the ideal life.",Mark Twain,Life,https://www.google.com/search?q=Good%20friends%2C%20good%20books%2C%20and%20a%20sleepy%20conscience%3A%20this%20is%20the%20ideal%20life.,en
A person with a new idea is a crank until the idea succeeds.,Mark Twain,Creativity,https://www.google.com/search?q=A%20person%20with%20a%20new%20idea%20is%20a%20crank%20until%20the%20idea%20succeeds.,en
Never put off till tomorrow what may be done the day after tomorrow.,Mark Twain,Life,https://www.google.com/search?q=Never%20put%20off%20till%20tomorrow%20what%20may%20be%20done%20the%20day%20after%20tomorrow.,en
Wrinkles should merely indicate where smiles have been.,Mark Twain,Life,https://www.google.com/search?q=Wrinkles%20should%20merely%20indicate%20where%20smiles%20have%20been.,en
The lack of money is the root of all evil.,Mark Twain,Life,https://www.google.com/search?q=The%20lack%20of%20money%20is%20the%20root%20of%20all%20evil.,en
Forgiveness is the fragrance the violet sheds on the heel that crushed it.,Mark Twain,Peace,https://www.google.com/search?q=Forgiveness%20is%20the%20fragrance%20the%20violet%20sheds%20on%20the%20heel%20that%20crushed%20it.,en
"To succeed in life, you need ignorance and confidence.",Mark Twain,Motivation,https://www.google.com/search?q=To%20succeed%20in%20life%2C%20you%20need%20ignorance%20and%20confidence.,en
The fear of death follows from the fear of life.,Mark Twain,Courage,https://www.google.com/search?q=The%20fear%20of%20death%20follows%20from%20the%20fear%20of%20life.,en
Action speaks louder than words but not nearly as often.,Mark Twain,Wisdom,https://www.google.com/search?q=Action%20speaks%20louder%20than%20words%20but%20not%20nearly%20as%20often.,en
Travel is fatal to prejudice.,Mark Twain,Self-Growth,https://www.google.com/search?q=Travel%20is%20fatal%20to%20prejudice.,en
Name the greatest of all inventors: accident.,Mark Twain,Creativity,https://www.google.com/search?q=Name%20the%20greatest%20of%20all%20inventors%3A%20accident.,en
"When in doubt, tell the truth.",Mark Twain,Wisdom,https://www.google.com/search?q=When%20in%20doubt%2C%20tell%20the%20truth.,en
"The right word may be effective, but no word was ever as effective as a pause.",Mark Twain,Focus,https://www.google.com/search?q=The%20right%20word%20may%20be%20effective%2C%20but%20no%20word%20was%20ever%20as%20effective%20as%20a%20pause.,en
A clear conscience is the sure sign of a bad memory.,Mark Twain,Life,https://www.google.com/search?q=A%20clear%20conscience%20is%20the%20sure%20sign%20of%20a%20bad%20memory.,en
Loyalty to country always; loyalty to government when it deserves it.,Mark Twain,Courage,https://www.google.com/search?q=Loyalty%20to%20country%20always%3B%20loyalty%20to%20government%20when%20it%20deserves%20it.,en
Humor is mankind's greatest blessing.,Mark Twain,Peace,https://www.google.com/search?q=Humor%20is%20mankind%27s%20greatest%20blessing.,en
Do not go where the path may lead.,Ralph Waldo Emerson,Motivation,https://www.google.com/search?q=Do%20not%20go%20where%20the%20path%20may%20lead.,en
Go instead where there is no path and leave a trail.,Ralph Waldo Emerson,Motivation,https://www.google.com/search?q=Go%20instead%20where%20there%20is%20no%20path%20and%20leave%20a%20trail.,en
What lies behind us and what lies before us are tiny matters.,Ralph Waldo Emerson,Life,https://www.google.com/search?q=What%20lies%20behind%20us%20and%20what%20lies%20before%20us%20are%20tiny%20matters.,en
Trust thyself: every heart vibrates to that iron string.,Ralph Waldo Emerson,Self-Growth,https://www.google.com/search?q=Trust%20thyself%3A%20every%20heart%20vibrates%20to%20that%20iron%20string.,en
Nothing great was ever achieved without enthusiasm.,Ralph Waldo Emerson,Motivation,https://www.google.com/search?q=Nothing%20great%20was%20ever%20achieved%20without%20enthusiasm.,en
The earth laughs in flowers.,Ralph Waldo Emerson,Nature,https://www.google.com/search?q=The%20earth%20laughs%20in%20flowers.,en
Every artist was first an amateur.,Ralph Waldo Emerson,Creativity,https://www.google.com/search?q=Every%20artist%20was%20first%20an%20amateur.,en
The only person you are destined to become is the person you decide to be.,Ralph Waldo Emerson,Self-Growth,https://www.google.com/search?q=The%20only%20person%20you%20are%20destined%20to%20become%20is%20the%20person%20you%20decide%20to%20be.,en
Adopt the pace of nature: her secret is patience.,Ralph Waldo Emerson,Nature,https://www.google.com/search?q=Adopt%20the%20pace%20of%20nature%3A%20her%20secret%20is%20patience.,en
"For every minute you are angry, you lose sixty seconds of happiness.",Ralph Waldo Emerson,Peace,https://www.google.com/search?q=For%20every%20minute%20you%20are%20angry%2C%20you%20lose%20sixty%20seconds%20of%20happiness.,en
To be great is to be misunderstood.,Ralph Waldo Emerson,Creativity,https://www.google.com/search?q=To%20be%20great%20is%20to%20be%20misunderstood.,en
"Life is a journey, not a destination.",Ralph Waldo Emerson,Life,https://www.google.com/search?q=Life%20is%20a%20journey%2C%20not%20a%20destination.,en
Make the most of yourself.,Ralph Waldo Emerson,Self-Growth,https://www.google.com/search?q=Make%20the%20most%20of%20yourself.,en
A foolish consistency is the hobgoblin of little minds.,Ralph Waldo Emerson,Wisdom,https://www.google.com/search?q=A%20foolish%20consistency%20is%20the%20hobgoblin%20of%20little%20minds.,en
The creation of a thousand forests is in one acorn.,Ralph Waldo Emerson,Nature,https://www.google.com/search?q=The%20creation%20of%20a%20thousand%20forests%20is%20in%20one%20acorn.,en
The reward of a thing well done is having done it.,Ralph Waldo Emerson,Motivation,https://www.google.com/search?q=The%20reward%20of%20a%20thing%20well%20done%20is%20having%20done%20it.,en
"Once you make a decision, the universe conspires to make it happen.",Ralph Waldo Emerson,Motivation,https://www.google.com/search?q=Once%20you%20make%20a%20decision%2C%20the%20universe%20conspires%20to%20make%20it%20happen.,en
Common sense is genius dressed in its working clothes.,Ralph Waldo Emerson,Wisdom,https://www.google.com/search?q=Common%20sense%20is%20genius%20dressed%20in%20its%20working%20clothes.,en
Beauty without expression is boring.,Ralph Waldo Emerson,Creativity,https://www.google.com/search?q=Beauty%20without%20expression%20is%20boring.,en
Nothing external to you has any power over you.,Ralph Waldo Emerson,Self-Growth,https://www.google.com/search?q=Nothing%20external%20to%20you%20has%20any%20power%20over%20you.,en
Write it on your heart that every day is the best day in the year.,Ralph Waldo Emerson,Peace,https://www.google.com/search?q=Write%20it%20on%20your%20heart%20that%20every%20day%20is%20the%20best%20day%20in%20the%20year.,en
The invariable mark of wisdom is to see the miraculous in the common.,Ralph Waldo Emerson,Wisdom,https://www.google.com/search?q=The%20invariable%20mark%20of%20wisdom%20is%20to%20see%20the%20miraculous%20in%20the%20common.,en
Nature always wears the colors of the spirit.,Ralph Waldo Emerson,Nature,https://www.google.com/search?q=Nature%20always%20wears%20the%20colors%20of%20the%20spirit.,en
"Our greatest glory is not in never failing, but in rising up every time we fail.",Ralph Waldo Emerson,Courage,https://www.google.com/search?q=Our%20greatest%20glory%20is%20not%20in%20never%20failing%2C%20but%20in%20rising%20up%20every%20time%20we%20fail.,en
Self-trust is the first secret of success.,Ralph Waldo Emerson,Self-Growth,https://www.google.com/search?q=Self-trust%20is%20the%20first%20secret%20of%20success.,en
Go confidently in the direction of your dreams.,Henry David Thoreau,Motivation,https://www.google.com/search?q=Go%20confidently%20in%20the%20direction%20of%20your%20dreams.,en
Live the life you have imagined.,Henry David Thoreau,Life,https://www.google.com/search?q=Live%20the%20life%20you%20have%20imagined.,en
"Simplify, simplify.",Henry David Thoreau,Focus,https://www.google.com/search?q=Simplify%2C%20simplify.,en
Things do not change; we change.,Henry David Thoreau,Self-Growth,https://www.google.com/search?q=Things%20do%20not%20change%3B%20we%20change.,en
The price of anything is the amount of life you exchange for it.,Henry David Thoreau,Wisdom,https://www.google.com/search?q=The%20price%20of%20anything%20is%20the%20amount%20of%20life%20you%20exchange%20for%20it.,en
I went to the woods because I wished to live deliberately.,Henry David Thoreau,Nature,https://www.google.com/search?q=I%20went%20to%20the%20woods%20because%20I%20wished%20to%20live%20deliberately.,en
Our life is frittered away by detail.,Henry David Thoreau,Focus,https://www.google.com/search?q=Our%20life%20is%20frittered%20away%20by%20detail.,en
It is not enough to be busy.,Henry David Thoreau,Focus,https://www.google.com/search?q=It%20is%20not%20enough%20to%20be%20busy.,en
What you get by achieving your goals is not as important as what you become.,Henry David Thoreau,Self-Growth,https://www.google.com/search?q=What%20you%20get%20by%20achieving%20your%20goals%20is%20not%20as%20important%20as%20what%20you%20become.,en
There is no remedy for love but to love more.,Henry David Thoreau,Love,https://www.google.com/search?q=There%20is%20no%20remedy%20for%20love%20but%20to%20love%20more.,en
Heaven is under our feet as well as over our heads.,Henry David Thoreau,Nature,https://www.google.com/search?q=Heaven%20is%20under%20our%20feet%20as%20well%20as%20over%20our%20heads.,en
This world is but a canvas to our imagination.,Henry David Thoreau,Creativity,https://www.google.com/search?q=This%20world%20is%20but%20a%20canvas%20to%20our%20imagination.,en
The universe is wider than our views of it.,Henry David Thoreau,Wisdom,https://www.google.com/search?q=The%20universe%20is%20wider%20than%20our%20views%20of%20it.,en
All good things are wild and free.,Henry David Thoreau,Nature,https://www.google.com/search?q=All%20good%20things%20are%20wild%20and%20free.,en
"Rather than love, than money, than fame, give me truth.",Henry David Thoreau,Wisdom,https://www.google.com/search?q=Rather%20than%20love%2C%20than%20money%2C%20than%20fame%2C%20give%20me%20truth.,en
Not until we are lost do we begin to understand ourselves.,Henry David Thoreau,Self-Growth,https://www.google.com/search?q=Not%20until%20we%20are%20lost%20do%20we%20begin%20to%20understand%20ourselves.,en
Only that day dawns to which we are awake.,Henry David Thoreau,Focus,https://www.google.com/search?q=Only%20that%20day%20dawns%20to%20which%20we%20are%20awake.,en
An early-morning walk is a blessing for the whole day.,Henry David Thoreau,Nature,https://www.google.com/search?q=An%20early-morning%20walk%20is%20a%20blessing%20for%20the%20whole%20day.,en
Read the best books first.,Henry David Thoreau,Self-Growth,https://www.google.com/search?q=Read%20the%20best%20books%20first.,en
Dreams are the touchstones of our characters.,Henry David Thoreau,Life,https://www.google.com/search?q=Dreams%20are%20the%20touchstones%20of%20our%20characters.,en
"The question is not what you look at, but what you see.",Henry David Thoreau,Wisdom,https://www.google.com/search?q=The%20question%20is%20not%20what%20you%20look%20at%2C%20but%20what%20you%20see.,en
It is never too late to give up your prejudices.,Henry David Thoreau,Self-Growth,https://www.google.com/search?q=It%20is%20never%20too%20late%20to%20give%20up%20your%20prejudices.,en
Live in each season as it passes.,Henry David Thoreau,Peace,https://www.google.com/search?q=Live%20in%20each%20season%20as%20it%20passes.,en
"Success is not final, failure is not fatal.",Winston Churchill,Courage,https://www.google.com/search?q=Success%20is%20not%20final%2C%20failure%20is%20not%20fatal.,en
Courage is what it takes to stand up and speak.,Winston Churchill,Courage,https://www.google.com/search?q=Courage%20is%20what%20it%20takes%20to%20stand%20up%20and%20speak.,en
Courage is also what it takes to sit down and listen.,Winston Churchill,Wisdom,https://www.google.com/search?q=Courage%20is%20also%20what%20it%20takes%20to%20sit%20down%20and%20listen.,en
Attitude is a little thing that makes a big difference.,Winston Churchill,Motivation,https://www.google.com/search?q=Attitude%20is%20a%20little%20thing%20that%20makes%20a%20big%20difference.,en
"If you're going through hell, keep going.",Winston Churchill,Courage,https://www.google.com/search?q=If%20you%27re%20going%20through%20hell%2C%20keep%20going.,en
To improve is to change.,Winston Churchill,Self-Growth,https://www.google.com/search?q=To%20improve%20is%20to%20change.,en
To be perfect is to change often.,Winston Churchill,Self-Growth,https://www.google.com/search?q=To%20be%20perfect%20is%20to%20change%20often.,en
"Never, never, never give up.",Winston Churchill,Motivation,https://www.google.com/search?q=Never%2C%20never%2C%20never%20give%20up.,en
"History will be kind to me, for I intend to write it.",Winston Churchill,Creativity,https://www.google.com/search?q=History%20will%20be%20kind%20to%20me%2C%20for%20I%20intend%20to%20write%20it.,en
Kites rise highest against the wind.,Winston Churchill,Motivation,https://www.google.com/search?q=Kites%20rise%20highest%20against%20the%20wind.,en
The price of greatness is responsibility.,Winston Churchill,Courage,https://www.google.com/search?q=The%20price%20of%20greatness%20is%20responsibility.,en
We shape our buildings; thereafter they shape us.,Winston Churchill,Creativity,https://www.google.com/search?q=We%20shape%20our%20buildings%3B%20thereafter%20they%20shape%20us.,en
A pessimist sees the difficulty in every opportunity.,Winston Churchill,Wisdom,https://www.google.com/search?q=A%20pessimist%20sees%20the%20difficulty%20in%20every%20opportunity.,en
An optimist sees the opportunity in every difficulty.,Winston Churchill,Motivation,https://www.google.com/search?q=An%20optimist%20sees%20the%20opportunity%20in%20every%20difficulty.,en
Fear is a reaction; courage is a decision.,Winston Churchill,Courage,https://www.google.com/search?q=Fear%20is%20a%20reaction%3B%20courage%20is%20a%20decision.,en
Success always demands a greater effort.,Winston Churchill,Motivation,https://www.google.com/search?q=Success%20always%20demands%20a%20greater%20effort.,en
The empires of the future are the empires of the mind.,Winston Churchill,Creativity,https://www.google.com/search?q=The%20empires%20of%20the%20future%20are%20the%20empires%20of%20the%20mind.,en
Difficulties mastered are opportunities won.,Winston Churchill,Motivation,https://www.google.com/search?q=Difficulties%20mastered%20are%20opportunities%20won.,en
Healthy citizens are the greatest asset any country can have.,Winston Churchill,Life,https://www.google.com/search?q=Healthy%20citizens%20are%20the%20greatest%20asset%20any%20country%20can%20have.,en
"Plans are of little importance, but planning is essential.",Winston Churchill,Focus,https://www.google.com/search?q=Plans%20are%20of%20little%20importance%2C%20but%20planning%20is%20essential.,en
Try to be a rainbow in someone's cloud.,Maya Angelou,Peace,https://www.google.com/search?q=Try%20to%20be%20a%20rainbow%20in%20someone%27s%20cloud.,en
Nothing will work unless you do.,Maya Angelou,Motivation,https://www.google.com/search?q=Nothing%20will%20work%20unless%20you%20do.,en
"If you don't like something, change it.",Maya Angelou,Self-Growth,https://www.google.com/search?q=If%20you%20don%27t%20like%20something%2C%20change%20it.,en
"If you can't change it, change your attitude.",Maya Angelou,Self-Growth,https://www.google.com/search?q=If%20you%20can%27t%20change%20it%2C%20change%20your%20attitude.,en
We may encounter many defeats but we must not be defeated.,Maya Angelou,Courage,https://www.google.com/search?q=We%20may%20encounter%20many%20defeats%20but%20we%20must%20not%20be%20defeated.,en
Hope and fear cannot occupy the same space.,Maya Angelou,Courage,https://www.google.com/search?q=Hope%20and%20fear%20cannot%20occupy%20the%20same%20space.,en
Determine to live life with flair and laughter.,Maya Angelou,Life,https://www.google.com/search?q=Determine%20to%20live%20life%20with%20flair%20and%20laughter.,en
You alone are enough.,Maya Angelou,Self-Growth,https://www.google.com/search?q=You%20alone%20are%20enough.,en
"Success is liking yourself, liking what you do, and liking how you do it.",Maya Angelou,Life,https://www.google.com/search?q=Success%20is%20liking%20yourself%2C%20liking%20what%20you%20do%2C%20and%20liking%20how%20you%20do%20it.,en
Be present in all things.,Maya Angelou,Focus,https://www.google.com/search?q=Be%20present%20in%20all%20things.,en
Ask for what you want and be prepared to get it.,Maya Angelou,Motivation,https://www.google.com/search?q=Ask%20for%20what%20you%20want%20and%20be%20prepared%20to%20get%20it.,en
Love recognizes no barriers.,Maya Angelou,Love,https://www.google.com/search?q=Love%20recognizes%20no%20barriers.,en
"When you learn, teach.",Maya Angelou,Wisdom,https://www.google.com/search?q=When%20you%20learn%2C%20teach.,en
"When you get, give.",Maya Angelou,Wisdom,https://www.google.com/search?q=When%20you%20get%2C%20give.,en
A wise woman wishes to be no one's enemy.,Maya Angelou,Wisdom,https://www.google.com/search?q=A%20wise%20woman%20wishes%20to%20be%20no%20one%27s%20enemy.,en
Imagination is more important than knowledge.,Albert Einstein,Creativity,https://www.google.com/search?q=Imagination%20is%20more%20important%20than%20knowledge.,en
Life is like riding a bicycle.,Albert Einstein,Life,https://www.google.com/search?q=Life%20is%20like%20riding%20a%20bicycle.,en
Anyone who has never made a mistake has never tried anything new.,Albert Einstein,Self-Growth,https://www.google.com/search?q=Anyone%20who%20has%20never%20made%20a%20mistake%20has%20never%20tried%20anything%20new.,en
In the middle of difficulty lies opportunity.,Albert Einstein,Motivation,https://www.google.com/search?q=In%20the%20middle%20of%20difficulty%20lies%20opportunity.,en
The important thing is not to stop questioning.,Albert Einstein,Wisdom,https://www.google.com/search?q=The%20important%20thing%20is%20not%20to%20stop%20questioning.,en
Try not to become a person of success.,Albert Einstein,Self-Growth,https://www.google.com/search?q=Try%20not%20to%20become%20a%20person%20of%20success.,en
Become a person of value.,Albert Einstein,Self-Growth,https://www.google.com/search?q=Become%20a%20person%20of%20value.,en
Peace cannot be kept by force.,Albert Einstein,Peace,https://www.google.com/search?q=Peace%20cannot%20be%20kept%20by%20force.,en
It can only be achieved by understanding.,Albert Einstein,Peace,https://www.google.com/search?q=It%20can%20only%20be%20achieved%20by%20understanding.,en
"Look deep into nature, and then you will understand everything better.",Albert Einstein,Nature,https://www.google.com/search?q=Look%20deep%20into%20nature%2C%20and%20then%20you%20will%20understand%20everything%20better.,en
Weakness of attitude becomes weakness of character.,Albert Einstein,Self-Growth,https://www.google.com/search?q=Weakness%20of%20attitude%20becomes%20weakness%20of%20character.,en
I have no special talent. I am only passionately curious.,Albert Einstein,Creativity,https://www.google.com/search?q=I%20have%20no%20special%20talent.%20I%20am%20only%20passionately%20curious.,en
A person who never made a mistake never tried anything new.,Albert Einstein,Self-Growth,https://www.google.com/search?q=A%20person%20who%20never%20made%20a%20mistake%20never%20tried%20anything%20new.,en
The measure of intelligence is the ability to change.,Albert Einstein,Self-Growth,https://www.google.com/search?q=The%20measure%20of%20intelligence%20is%20the%20ability%20to%20change.,en
Logic will get you from A to B.,Albert Einstein,Wisdom,https://www.google.com/search?q=Logic%20will%20get%20you%20from%20A%20to%20B.,en
Imagination will take you everywhere.,Albert Einstein,Creativity,https://www.google.com/search?q=Imagination%20will%20take%20you%20everywhere.,en
"Once we accept our limits, we go beyond them.",Albert Einstein,Self-Growth,https://www.google.com/search?q=Once%20we%20accept%20our%20limits%2C%20we%20go%20beyond%20them.,en
The only source of knowledge is experience.,Albert Einstein,Wisdom,https://www.google.com/search?q=The%20only%20source%20of%20knowledge%20is%20experience.,en
"Strive not to be a success, but rather to be of value.",Albert Einstein,Self-Growth,https://www.google.com/search?q=Strive%20not%20to%20be%20a%20success%2C%20but%20rather%20to%20be%20of%20value.,en
Only a life lived for others is a life worthwhile.,Albert Einstein,Life,https://www.google.com/search?q=Only%20a%20life%20lived%20for%20others%20is%20a%20life%20worthwhile.,en
"Wherever you go, go with all your heart.",Confucius,Life,https://www.google.com/search?q=Wherever%20you%20go%2C%20go%20with%20all%20your%20heart.,en
It does not matter how slowly you go as long as you do not stop.,Confucius,Motivation,https://www.google.com/search?q=It%20does%20not%20matter%20how%20slowly%20you%20go%20as%20long%20as%20you%20do%20not%20stop.,en
Our greatest glory is not in never falling.,Confucius,Courage,https://www.google.com/search?q=Our%20greatest%20glory%20is%20not%20in%20never%20falling.,en
It is in rising every time we fall.,Confucius,Courage,https://www.google.com/search?q=It%20is%20in%20rising%20every%20time%20we%20fall.,en
Study the past if you would define the future.,Confucius,Wisdom,https://www.google.com/search?q=Study%20the%20past%20if%20you%20would%20define%20the%20future.,en
"When anger rises, think of the consequences.",Confucius,Focus,https://www.google.com/search?q=When%20anger%20rises%2C%20think%20of%20the%20consequences.,en
The man who moves a mountain begins by carrying away small stones.,Confucius,Motivation,https://www.google.com/search?q=The%20man%20who%20moves%20a%20mountain%20begins%20by%20carrying%20away%20small%20stones.,en
To see what is right and not do it is want of courage.,Confucius,Courage,https://www.google.com/search?q=To%20see%20what%20is%20right%20and%20not%20do%20it%20is%20want%20of%20courage.,en
Real knowledge is to know the extent of one's ignorance.,Confucius,Wisdom,https://www.google.com/search?q=Real%20knowledge%20is%20to%20know%20the%20extent%20of%20one%27s%20ignorance.,en
Respect yourself and others will respect you.,Confucius,Self-Growth,https://www.google.com/search?q=Respect%20yourself%20and%20others%20will%20respect%20you.,en
Silence is a true friend who never betrays.,Confucius,Peace,https://www.google.com/search?q=Silence%20is%20a%20true%20friend%20who%20never%20betrays.,en
"Choose a job you love, and you will never work a day.",Confucius,Life,https://www.google.com/search?q=Choose%20a%20job%20you%20love%2C%20and%20you%20will%20never%20work%20a%20day.,en
The superior man is modest in speech.,Confucius,Self-Growth,https://www.google.com/search?q=The%20superior%20man%20is%20modest%20in%20speech.,en
The superior man exceeds in actions.,Confucius,Self-Growth,https://www.google.com/search?q=The%20superior%20man%20exceeds%20in%20actions.,en
Learning without thought is labor lost.,Confucius,Wisdom,https://www.google.com/search?q=Learning%20without%20thought%20is%20labor%20lost.,en
Thought without learning is perilous.,Confucius,Wisdom,https://www.google.com/search?q=Thought%20without%20learning%20is%20perilous.,en
He who learns but does not think is lost.,Confucius,Wisdom,https://www.google.com/search?q=He%20who%20learns%20but%20does%20not%20think%20is%20lost.,en
He who thinks but does not learn is in danger.,Confucius,Wisdom,https://www.google.com/search?q=He%20who%20thinks%20but%20does%20not%20learn%20is%20in%20danger.,en
"When we see men of worth, we should think of equaling them.",Confucius,Self-Growth,https://www.google.com/search?q=When%20we%20see%20men%20of%20worth%2C%20we%20should%20think%20of%20equaling%20them.,en
"When we see men of contrary character, we should turn inwards.",Confucius,Self-Growth,https://www.google.com/search?q=When%20we%20see%20men%20of%20contrary%20character%2C%20we%20should%20turn%20inwards.,en
The cautious seldom err.,Confucius,Focus,https://www.google.com/search?q=The%20cautious%20seldom%20err.,en
"What you do not want done to yourself, do not do to others.",Confucius,Wisdom,https://www.google.com/search?q=What%20you%20do%20not%20want%20done%20to%20yourself%2C%20do%20not%20do%20to%20others.,en
The strength of a nation derives from the integrity of the home.,Confucius,Life,https://www.google.com/search?q=The%20strength%20of%20a%20nation%20derives%20from%20the%20integrity%20of%20the%20home.,en
Virtue is not left to stand alone.,Confucius,Wisdom,https://www.google.com/search?q=Virtue%20is%20not%20left%20to%20stand%20alone.,en
They must often change who would be constant in happiness.,Confucius,Life,https://www.google.com/search?q=They%20must%20often%20change%20who%20would%20be%20constant%20in%20happiness.,en
The journey of a thousand miles begins with a single step.,Laozi,Motivation,https://www.google.com/search?q=The%20journey%20of%20a%20thousand%20miles%20begins%20with%20a%20single%20step.,en
"Nature does not hurry, yet everything is accomplished.",Laozi,Peace,https://www.google.com/search?q=Nature%20does%20not%20hurry%2C%20yet%20everything%20is%20accomplished.,en
Knowing others is intelligence; knowing yourself is true wisdom.,Laozi,Wisdom,https://www.google.com/search?q=Knowing%20others%20is%20intelligence%3B%20knowing%20yourself%20is%20true%20wisdom.,en
Mastering others is strength; mastering yourself is true power.,Laozi,Self-Growth,https://www.google.com/search?q=Mastering%20others%20is%20strength%3B%20mastering%20yourself%20is%20true%20power.,en
"When I let go of what I am, I become what I might be.",Laozi,Self-Growth,https://www.google.com/search?q=When%20I%20let%20go%20of%20what%20I%20am%2C%20I%20become%20what%20I%20might%20be.,en
Silence is a source of great strength.,Laozi,Peace,https://www.google.com/search?q=Silence%20is%20a%20source%20of%20great%20strength.,en
A good traveler has no fixed plans.,Laozi,Life,https://www.google.com/search?q=A%20good%20traveler%20has%20no%20fixed%20plans.,en
He who knows that enough is enough will always have enough.,Laozi,Wisdom,https://www.google.com/search?q=He%20who%20knows%20that%20enough%20is%20enough%20will%20always%20have%20enough.,en
"To attain knowledge, add things every day.",Laozi,Wisdom,https://www.google.com/search?q=To%20attain%20knowledge%2C%20add%20things%20every%20day.,en
"To attain wisdom, remove things every day.",Laozi,Wisdom,https://www.google.com/search?q=To%20attain%20wisdom%2C%20remove%20things%20every%20day.,en
"Water is the softest thing, yet it can penetrate mountains.",Laozi,Wisdom,https://www.google.com/search?q=Water%20is%20the%20softest%20thing%2C%20yet%20it%20can%20penetrate%20mountains.,en
The soft overcomes the hard.,Laozi,Wisdom,https://www.google.com/search?q=The%20soft%20overcomes%20the%20hard.,en
The still mind is the mirror of heaven and earth.,Laozi,Peace,https://www.google.com/search?q=The%20still%20mind%20is%20the%20mirror%20of%20heaven%20and%20earth.,en
Great acts are made up of small deeds.,Laozi,Motivation,https://www.google.com/search?q=Great%20acts%20are%20made%20up%20of%20small%20deeds.,en
Respond intelligently even to unintelligent treatment.,Laozi,Wisdom,https://www.google.com/search?q=Respond%20intelligently%20even%20to%20unintelligent%20treatment.,en
"Because one believes in oneself, one does not try to convince others.",Laozi,Self-Growth,https://www.google.com/search?q=Because%20one%20believes%20in%20oneself%2C%20one%20does%20not%20try%20to%20convince%20others.,en
Be content with what you have.,Laozi,Peace,https://www.google.com/search?q=Be%20content%20with%20what%20you%20have.,en
Rejoice in the way things are.,Laozi,Peace,https://www.google.com/search?q=Rejoice%20in%20the%20way%20things%20are.,en
The sage does not hoard.,Laozi,Wisdom,https://www.google.com/search?q=The%20sage%20does%20not%20hoard.,en
"The more he helps others, the more he benefits himself.",Laozi,Wisdom,https://www.google.com/search?q=The%20more%20he%20helps%20others%2C%20the%20more%20he%20benefits%20himself.,en
A man with outward courage dares to die.,Laozi,Courage,https://www.google.com/search?q=A%20man%20with%20outward%20courage%20dares%20to%20die.,en
A man with inner courage dares to live.,Laozi,Courage,https://www.google.com/search?q=A%20man%20with%20inner%20courage%20dares%20to%20live.,en
Do the difficult things while they are easy.,Laozi,Focus,https://www.google.com/search?q=Do%20the%20difficult%20things%20while%20they%20are%20easy.,en
Do the great things while they are small.,Laozi,Focus,https://www.google.com/search?q=Do%20the%20great%20things%20while%20they%20are%20small.,en
Act without expectation.,Laozi,Peace,https://www.google.com/search?q=Act%20without%20expectation.,en
What you seek is seeking you.,Rumi,Life,https://www.google.com/search?q=What%20you%20seek%20is%20seeking%20you.,en
The wound is the place where the light enters you.,Rumi,Self-Growth,https://www.google.com/search?q=The%20wound%20is%20the%20place%20where%20the%20light%20enters%20you.,en
Stop acting so small.,Rumi,Motivation,https://www.google.com/search?q=Stop%20acting%20so%20small.,en
You are the universe in ecstatic motion.,Rumi,Life,https://www.google.com/search?q=You%20are%20the%20universe%20in%20ecstatic%20motion.,en
Let yourself be silently drawn by what you love.,Rumi,Love,https://www.google.com/search?q=Let%20yourself%20be%20silently%20drawn%20by%20what%20you%20love.,en
"Raise your words, not your voice.",Rumi,Wisdom,https://www.google.com/search?q=Raise%20your%20words%2C%20not%20your%20voice.,en
"The quieter you become, the more you are able to hear.",Rumi,Peace,https://www.google.com/search?q=The%20quieter%20you%20become%2C%20the%20more%20you%20are%20able%20to%20hear.,en
Let the beauty of what you love be what you do.,Rumi,Love,https://www.google.com/search?q=Let%20the%20beauty%20of%20what%20you%20love%20be%20what%20you%20do.,en
"Wherever you stand, be the soul of that place.",Rumi,Life,https://www.google.com/search?q=Wherever%20you%20stand%2C%20be%20the%20soul%20of%20that%20place.,en
"As you start to walk on the way, the way appears.",Rumi,Motivation,https://www.google.com/search?q=As%20you%20start%20to%20walk%20on%20the%20way%2C%20the%20way%20appears.,en
Your heart knows the way.,Rumi,Love,https://www.google.com/search?q=Your%20heart%20knows%20the%20way.,en
Run in that direction.,Rumi,Motivation,https://www.google.com/search?q=Run%20in%20that%20direction.,en
Why do you stay in prison when the door is so wide open?,Rumi,Self-Growth,https://www.google.com/search?q=Why%20do%20you%20stay%20in%20prison%20when%20the%20door%20is%20so%20wide%20open%3F,en
Be like the sun for grace and mercy.,Rumi,Peace,https://www.google.com/search?q=Be%20like%20the%20sun%20for%20grace%20and%20mercy.,en
Be like the night to cover others' faults.,Rumi,Peace,https://www.google.com/search?q=Be%20like%20the%20night%20to%20cover%20others%27%20faults.,en
Be like running water for generosity.,Rumi,Peace,https://www.google.com/search?q=Be%20like%20running%20water%20for%20generosity.,en
Be like death for rage and anger.,Rumi,Self-Growth,https://www.google.com/search?q=Be%20like%20death%20for%20rage%20and%20anger.,en
Be like the earth for modesty.,Rumi,Self-Growth,https://www.google.com/search?q=Be%20like%20the%20earth%20for%20modesty.,en
Be as you appear.,Rumi,Self-Growth,https://www.google.com/search?q=Be%20as%20you%20appear.,en
Appear as you are.,Rumi,Self-Growth,https://www.google.com/search?q=Appear%20as%20you%20are.,en
Lovers don't finally meet somewhere.,Rumi,Love,https://www.google.com/search?q=Lovers%20don%27t%20finally%20meet%20somewhere.,en
They are in each other all along.,Rumi,Love,https://www.google.com/search?q=They%20are%20in%20each%20other%20all%20along.,en
"You have power over your mind, not outside events.",Marcus Aurelius,Wisdom,https://www.google.com/search?q=You%20have%20power%20over%20your%20mind%2C%20not%20outside%20events.,en
The happiness of your life depends upon the quality of your thoughts.,Marcus Aurelius,Life,https://www.google.com/search?q=The%20happiness%20of%20your%20life%20depends%20upon%20the%20quality%20of%20your%20thoughts.,en
Waste no more time arguing what a good person should be.,Marcus Aurelius,Focus,https://www.google.com/search?q=Waste%20no%20more%20time%20arguing%20what%20a%20good%20person%20should%20be.,en
Be one.,Marcus Aurelius,Self-Growth,https://www.google.com/search?q=Be%20one.,en
The obstacle is the way.,Marcus Aurelius,Motivation,https://www.google.com/search?q=The%20obstacle%20is%20the%20way.,en
"If it is not right, do not do it.",Marcus Aurelius,Wisdom,https://www.google.com/search?q=If%20it%20is%20not%20right%2C%20do%20not%20do%20it.,en
"If it is not true, do not say it.",Marcus Aurelius,Wisdom,https://www.google.com/search?q=If%20it%20is%20not%20true%2C%20do%20not%20say%20it.,en
Dwell on the beauty of life.,Marcus Aurelius,Peace,https://www.google.com/search?q=Dwell%20on%20the%20beauty%20of%20life.,en
The soul becomes dyed with the color of its thoughts.,Marcus Aurelius,Self-Growth,https://www.google.com/search?q=The%20soul%20becomes%20dyed%20with%20the%20color%20of%20its%20thoughts.,en
Very little is needed to make a happy life.,Marcus Aurelius,Peace,https://www.google.com/search?q=Very%20little%20is%20needed%20to%20make%20a%20happy%20life.,en
Confine yourself to the present.,Marcus Aurelius,Focus,https://www.google.com/search?q=Confine%20yourself%20to%20the%20present.,en
The best revenge is not to be like your enemy.,Marcus Aurelius,Wisdom,https://www.google.com/search?q=The%20best%20revenge%20is%20not%20to%20be%20like%20your%20enemy.,en
Accept the things to which fate binds you.,Marcus Aurelius,Peace,https://www.google.com/search?q=Accept%20the%20things%20to%20which%20fate%20binds%20you.,en
Love the people with whom fate brings you together.,Marcus Aurelius,Love,https://www.google.com/search?q=Love%20the%20people%20with%20whom%20fate%20brings%20you%20together.,en
What we do now echoes in eternity.,Marcus Aurelius,Legacy,https://www.google.com/search?q=What%20we%20do%20now%20echoes%20in%20eternity.,en
Look well into yourself.,Marcus Aurelius,Self-Growth,https://www.google.com/search?q=Look%20well%20into%20yourself.,en
There is a source of strength within.,Marcus Aurelius,Courage,https://www.google.com/search?q=There%20is%20a%20source%20of%20strength%20within.,en
Do every act as if it were your last.,Marcus Aurelius,Focus,https://www.google.com/search?q=Do%20every%20act%20as%20if%20it%20were%20your%20last.,en
The universe is change; our life is what our thoughts make it.,Marcus Aurelius,Wisdom,https://www.google.com/search?q=The%20universe%20is%20change%3B%20our%20life%20is%20what%20our%20thoughts%20make%20it.,en
Receive without pride.,Marcus Aurelius,Self-Growth,https://www.google.com/search?q=Receive%20without%20pride.,en
Let go without attachment.,Marcus Aurelius,Peace,https://www.google.com/search?q=Let%20go%20without%20attachment.,en
A man's worth is no greater than his ambitions.,Marcus Aurelius,Motivation,https://www.google.com/search?q=A%20man%27s%20worth%20is%20no%20greater%20than%20his%20ambitions.,en
Be tolerant with others and strict with yourself.,Marcus Aurelius,Self-Growth,https://www.google.com/search?q=Be%20tolerant%20with%20others%20and%20strict%20with%20yourself.,en
Today I escaped anxiety.,Marcus Aurelius,Peace,https://www.google.com/search?q=Today%20I%20escaped%20anxiety.,en
"I discarded it, because it was within me.",Marcus Aurelius,Peace,https://www.google.com/search?q=I%20discarded%20it%2C%20because%20it%20was%20within%20me.,en
Luck is what happens when preparation meets opportunity.,Seneca,Motivation,https://www.google.com/search?q=Luck%20is%20what%20happens%20when%20preparation%20meets%20opportunity.,en
We suffer more often in imagination than in reality.,Seneca,Wisdom,https://www.google.com/search?q=We%20suffer%20more%20often%20in%20imagination%20than%20in%20reality.,en
Difficulties strengthen the mind.,Seneca,Self-Growth,https://www.google.com/search?q=Difficulties%20strengthen%20the%20mind.,en
No great genius has ever existed without some touch of madness.,Seneca,Creativity,https://www.google.com/search?q=No%20great%20genius%20has%20ever%20existed%20without%20some%20touch%20of%20madness.,en
"While we wait for life, life passes.",Seneca,Life,https://www.google.com/search?q=While%20we%20wait%20for%20life%2C%20life%20passes.,en
It is not that we have a short time to live.,Seneca,Wisdom,https://www.google.com/search?q=It%20is%20not%20that%20we%20have%20a%20short%20time%20to%20live.,en
It is that we waste much of it.,Seneca,Focus,https://www.google.com/search?q=It%20is%20that%20we%20waste%20much%20of%20it.,en
Begin at once to live.,Seneca,Life,https://www.google.com/search?q=Begin%20at%20once%20to%20live.,en
Associate with people who are likely to improve you.,Seneca,Self-Growth,https://www.google.com/search?q=Associate%20with%20people%20who%20are%20likely%20to%20improve%20you.,en
He who is brave is free.,Seneca,Courage,https://www.google.com/search?q=He%20who%20is%20brave%20is%20free.,en
"If one does not know to which port one is sailing, no wind is favorable.",Seneca,Focus,https://www.google.com/search?q=If%20one%20does%20not%20know%20to%20which%20port%20one%20is%20sailing%2C%20no%20wind%20is%20favorable.,en
Every new beginning comes from some other beginning's end.,Seneca,Life,https://www.google.com/search?q=Every%20new%20beginning%20comes%20from%20some%20other%20beginning%27s%20end.,en
Life is long if you know how to use it.,Seneca,Focus,https://www.google.com/search?q=Life%20is%20long%20if%20you%20know%20how%20to%20use%20it.,en
The whole future lies in uncertainty.,Seneca,Wisdom,https://www.google.com/search?q=The%20whole%20future%20lies%20in%20uncertainty.,en
Live immediately.,Seneca,Life,https://www.google.com/search?q=Live%20immediately.,en
To wish to be well is a part of becoming well.,Seneca,Self-Growth,https://www.google.com/search?q=To%20wish%20to%20be%20well%20is%20a%20part%20of%20becoming%20well.,en
"Nothing is ours, except time.",Seneca,Focus,https://www.google.com/search?q=Nothing%20is%20ours%2C%20except%20time.,en
No man was ever wise by chance.,Seneca,Wisdom,https://www.google.com/search?q=No%20man%20was%20ever%20wise%20by%20chance.,en
A gem cannot be polished without friction.,Seneca,Self-Growth,https://www.google.com/search?q=A%20gem%20cannot%20be%20polished%20without%20friction.,en
A man cannot be perfected without trials.,Seneca,Self-Growth,https://www.google.com/search?q=A%20man%20cannot%20be%20perfected%20without%20trials.,en
The mind should be allowed some relaxation.,Seneca,Peace,https://www.google.com/search?q=The%20mind%20should%20be%20allowed%20some%20relaxation.,en
No wind favors him who has no destined port.,Seneca,Focus,https://www.google.com/search?q=No%20wind%20favors%20him%20who%20has%20no%20destined%20port.,en
"We learn not in school, but in life.",Seneca,Self-Growth,https://www.google.com/search?q=We%20learn%20not%20in%20school%2C%20but%20in%20life.,en
True happiness is to enjoy the present.,Seneca,Peace,https://www.google.com/search?q=True%20happiness%20is%20to%20enjoy%20the%20present.,en
Sometimes even to live is an act of courage.,Seneca,Courage,https://www.google.com/search?q=Sometimes%20even%20to%20live%20is%20an%20act%20of%20courage.,en
